"4671","Véloparc Joliverie","141 B Route de Clisson","44000","44109","Nantes","Equipement vélo","Stationnement","Accès libre","Nantes Métropole","12","7j/7j 24h/24h","Consigne Cocoon","SEMITAN","02 40 99 48 48","[ 47.1894640025451 , -1.51713730983877]"
"4672","Véloparc Gare de Chantenay 2","Boulevard Maréchal Juin","44000","44109","Nantes","Equipement vélo","Stationnement","Accès libre","Nantes Métropole","6","7j/7j 24h/24h","Consigne Cocoon","SEMITAN","02 40 99 48 48","[ 47.1974776772995 , -1.59432064190487]"
"4673","Véloparc Croix Bonneau","Place de la Croix Bonneau","44000","44109","Nantes","Equipement vélo","Stationnement","Accès libre","Nantes Métropole","4","7j/7j 24h/24h","Consigne Cocoon","SEMITAN","02 40 99 48 48","[ 47.2093793012289 , -1.59590574573259]"
"4674","Véloparc Egalité","6 Boulevard Léon Jouhaux","44000","44109","Nantes","Equipement vélo","Stationnement","Accès libre","Nantes Métropole","8","7j/7j 24h/24h","Consigne Cocoon","SEMITAN","02 40 99 48 48","[ 47.209638888845 , -1.58893567211253]"
"4675","Véloparc Grammoire","Boulevard Guichet Sérex","44120","44215","Vertou","Equipement vélo","Stationnement","Accès libre","Nantes Métropole","6","7j/7j 24h/24h","Consigne Cocoon","SEMITAN","02 40 99 48 48","[ 47.1648831973679 , -1.48057265497123]"
"4676","Véloparc Pottier","2 Rue Eugène Pottier","44340","44020","Bouguenais","Equipement vélo","Stationnement","Accès libre","Nantes Métropole","4","7j/7j 24h/24h","Consigne Cocoon","SEMITAN","02 40 99 48 48","[ 47.1753881941737 , -1.62381734619973]"
"4677","Véloparc Les Couëts","2 Rue de la Chapelle","44340","44020","Bouguenais","Equipement vélo","Stationnement","Accès libre","Nantes Métropole","6","7j/7j 24h/24h","Consigne Cocoon","SEMITAN","02 40 99 48 48","[ 47.1810398569976 , -1.58619216786437]"
"4679","Véloparc Durantière piscine","15 Rue de la Durantière","44000","44109","Nantes","Equipement vélo","Stationnement","Accès libre","Nantes Métropole","6","7j/7j 24h/24h","Consigne Cocoon","SEMITAN","02 40 99 48 48","[ 47.2131820977383 , -1.60022961541598]"
"4680","Véloparc Centre de Secours","Rue de la Courante","44620","44101","La Montagne","Equipement vélo","Stationnement","Accès libre","Nantes Métropole","6","7j/7j 24h/24h","Consigne","SEMITAN","02 40 99 48 48","[ 47.1884394154468 , -1.68921544210897]"
"4681","Véloparc route des Sorinières","Route des Sorinières","44120","44215","Vertou","Equipement vélo","Stationnement","Accès libre","Nantes Métropole","2","7j/7j 24h/24h","Consigne Cubike grise","SEMITAN","02 40 99 48 48","[ 47.1654311154926 , -1.48624898611204]"
"4682","Véloparc Zola","Place Emile Zola","44000","44109","Nantes","Equipement vélo","Stationnement","Accès libre","Nantes Métropole","10","7j/7j 24h/24h","Consigne Cocoon","SEMITAN","02 40 99 48 48","[ 47.213967840318 , -1.58630587257673]"
"4684","Véloparc Neustrie","Rue Christophe Colomb","44340","44020","Bouguenais","Equipement vélo","Stationnement","Accès libre","Nantes Métropole","10","7j/7j 24h/24h","Consigne Cocoon  ","SEMITAN","02 40 99 48 48","[ 47.1768261331459 , -1.59299763633219]"
"4685","Véloparc Mitterrand","Boulevard Salvador Allende","44800","44162","Saint-Herblain","Equipement vélo","Stationnement","Accès libre","Nantes Métropole","22","7j/7j 24h/24h","Consigne Cocoon","SEMITAN","02 40 99 48 48","[ 47.2220008358524 , -1.63953075592885]"
"4686","Véloparc Gare de Mauves","2 place de la Gare","44470","44094","Mauves-sur-Loire","Equipement vélo","Stationnement","Accès libre","Nantes Métropole","6","7j/7j 24h/24h","Consigne Cocoon","SEMITAN","02 40 99 48 48","[ 47.2930301953927 , -1.38965327162963]"
"4687","Véloparc Chapeau verni","181 Route de Clisson","44240","44190","Saint-Sébastien-sur-Loire","Equipement vélo","Stationnement","Accès libre","Nantes Métropole","4","7j/7j 24h/24h","Consigne Cocoon","SEMITAN","02 40 99 48 48","[ 47.1893473307455 , -1.51129606015227]"
"4688","Véloparc Beauséjour","Rue du Chêne Vert","44000","44109","Nantes","Equipement vélo","Stationnement","Accès libre","Nantes Métropole","4","7j/7j 24h/24h","Consigne Cocoon","SEMITAN","02 40 99 48 48","[ 47.238586562444 , -1.58759713556042]"
"4689","Véloparc Saint Félix","2 Boulevard Michelet","44000","44109","Nantes","Equipement vélo","Stationnement","Accès libre","Nantes Métropole","4","7j/7j 24h/24h","Consigne Cocoon","SEMITAN","02 40 99 48 48","[ 47.2309462534739 , -1.55674628342673]"
"4691","Véloparc Michelet","41 Boulevard Michelet","44000","44109","Nantes","Equipement vélo","Stationnement","Accès libre","Nantes Métropole","6","7j/7j 24h/24h","Consigne Cocoon","SEMITAN","02 40 99 48 48","[ 47.2347396714209 , -1.55679330870199]"
"4692","Véloparc piscine","10 rue Sèvre et Maine","44120","44215","Vertou","Equipement vélo","Stationnement","Accès libre","Nantes Métropole","4","7j/7j 24h/24h","Consigne","SEMITAN","02 40 99 48 48","[ 47.1647711394731 , -1.46937482053416]"
"4694","Véloparc Planchonnais","20 Rue de la Planchonnais","44980","44172","Sainte-Luce-sur-Loire","Equipement vélo","Stationnement","Accès libre","Nantes Métropole","10","7j/7j 24h/24h","Consigne","SEMITAN","02 40 99 48 48","[ 47.2532938024019 , -1.47486330098094]"
"4695","Véloparc ZAC de la Minais","Route de Thouaré","44980","44172","Sainte-Luce-sur-Loire","Equipement vélo","Stationnement","Accès libre","Nantes Métropole","4","7j/7j 24h/24h","Consigne","SEMITAN","02 40 99 48 48","[ 47.2570468910427 , -1.46604870559555]"
"4696","Véloparc Place du Vieux Doulon","Place du Vieux Doulon","44000","44109","Nantes","Equipement vélo","Stationnement","Accès libre","Nantes Métropole","4","7j/7j 24h/24h","Consigne Cocoon 2,0 grise","SEMITAN","02 40 99 48 48","[ 47.2352385553259 , -1.50293546668802]"
"4697","Véloparc Gare de Chantenay 1","Boulevard Maréchal Juin","44000","44109","Nantes","Equipement vélo","Stationnement","Accès libre","Nantes Métropole","2","7j/7j 24h/24h","Consigne Cocoon","SEMITAN","02 40 99 48 48","[ 47.1976766899467 , -1.59432984000177]"
"4699","Véloparc Maillardière","29 Rue de la Maillardière","44840","44198","Les Sorinières","Equipement vélo","Stationnement","Accès libre","Nantes Métropole","4","7j/7j 24h/24h","Consigne","SEMITAN","02 40 99 48 48","[ 47.1571883757524 , -1.52299322548736]"
"4700","Véloparc Papillons","50 Rue des Papillons","44840","44198","Les Sorinières","Equipement vélo","Stationnement","Accès libre","Nantes Métropole","8","7j/7j 24h/24h","Consigne Cocoon 2,0 grise","SEMITAN","02 40 99 48 48","[ 47.1467213836224 , -1.51891022337116]"
"4702","Véloparc La Chantrerie","Route de Gachet","44000","44109","Nantes","Equipement vélo","Stationnement","Accès libre","Nantes Métropole","12","7j/7j 24h/24h","Collectif abrité","SEMITAN","02 40 99 48 48","[ 47.2822590601161 , -1.51786706917688]"
"4703","Véloparc La Chantrerie","Route de Gachet","44000","44109","Nantes","Equipement vélo","Stationnement","Accès contrôlé gratuit","Nantes Métropole","12","7j/7j 24h/24h","Collectif abrité","SEMITAN","02 40 99 48 48","[ 47.282119635992 , -1.51767304518773]"
"4704","Véloparc Gare Bouaye","Allée Louis Armand","44830","44018","Bouaye","Equipement vélo","Stationnement","Accès contrôlé gratuit","Nantes Métropole","12","7j/7j 24h/24h","Collectif abrité","SEMITAN","02 40 99 48 48","[ 47.1381998179996 , -1.68130210389645]"
"4705","Véloparc Gare de Basse-Indre","Gare de Basse-Indre","44800","44162","Saint-Herblain","Equipement vélo","Stationnement","Accès libre","Nantes Métropole","10","7j/7j 24h/24h","Consigne","SEMITAN","02 40 99 48 48","[ 47.2042348955705 , -1.66014731585677]"
"4707","Véloparc Gare maritime","Quai Ernest Renaud","44000","44109","Nantes","Equipement vélo","Stationnement","Accès libre","Nantes Métropole","12","7j/7j 24h/24h","Consigne Cocoon","SEMITAN","02 40 99 48 48","[ 47.2062719703326 , -1.57271646177093]"
"4708","Parking Gare nord","51 Boulevard de Stalingrad","44000","44109","Nantes","Equipement vélo","Stationnement","Accès contrôlé payant","Nantes Métropole","137","7j/7j 24h/24h","Collectif abrité","EFFIA","02 40 99 48 48","[ 47.2170735517857 , -1.54387627571301]"
"4710","Véloparc Saint Jean de Boiseau","33 rue de la Croix Truin","44640","44166","Saint-Jean-de-Boiseau","Equipement vélo","Stationnement","Accès libre","Nantes Métropole","6","7j/7j 24h/24h","Consigne Cocoon portes coulissantes","SEMITAN","02 40 99 48 48","[ 47.191334967477 , -1.71207075238266]"
"4711","Véloparc Souillarderie","Route de Sainte Luce","44000","44109","Nantes","Equipement vélo","Stationnement","Accès libre","Nantes Métropole","4","7j/7j 24h/24h","Consigne","SEMITAN","02 40 99 48 48","[ 47.237987363011 , -1.51609083688607]"
"4712","Véloparc Bout des Pavés","42 Boulevard de la Chauvinière","44000","44109","Nantes","Equipement vélo","Stationnement","Accès libre","Nantes Métropole","6","7j/7j 24h/24h","Consigne Cocoon porte battante","SEMITAN","02 40 99 48 48","[ 47.253182197723 , -1.57599665948204]"
"4713","Véloparc Pont Rousseau","Rue de la Gare","44400","44143","Rezé","Equipement vélo","Stationnement","Accès libre","Nantes Métropole","8","7j/7j 24h/24h","Consigne Cocoon","SEMITAN","02 40 99 48 48","[ 47.1931315196049 , -1.54879737115783]"
"4714","Véloparc Durantière","33 Rue de la Durantière","44000","44109","Nantes","Equipement vélo","Stationnement","Accès libre","Nantes Métropole","4","7j/7j 24h/24h","Consigne Cocoon","SEMITAN","02 40 99 48 48","[ 47.2166660471335 , -1.55423648300399]"
"4715","Véloparc Coueron Even","Place Charles De Gaulle","44220","44047","Couëron","Equipement vélo","Stationnement","Accès libre","Nantes Métropole","4","7j/7j 24h/24h","Consigne Cocoon portes coulissantes","SEMITAN","02 40 99 48 48","[ 47.2120549829586 , -1.72697209799204]"
"4716","Véloparc Trentemoult Roquios","1 Allée Claude Choëmet","44400","44143","Rezé","Equipement vélo","Stationnement","Accès libre","Nantes Métropole","8","7j/7j 24h/24h","Collectif abrité","Port autonome","02 40 99 48 48","[ 47.1952588126139 , -1.57811263464004]"
"4717","Véloparc Frachon","Boulevard Salvador Allende","44800","44162","Saint-Herblain","Equipement vélo","Stationnement","Accès libre","Nantes Métropole","10","7j/7j 24h/24h","Collectif abrité","Pôle Loire Chezine","02 40 99 48 48","[ 47.2188916218828 , -1.62028386310934]"
"4718","Véloparc Neruda","Boulevard Salvador Allende","44800","44162","Saint-Herblain","Equipement vélo","Stationnement","Accès libre","Nantes Métropole","10","7j/7j 24h/24h","Collectif abrité","Pôle Loire Chezine","02 40 99 48 48","[ 47.2178584023397 , -1.61402386691673]"
"4721","Véloparc Gare de Bouaye","Allée Louis Armand","44830","44018","Bouaye","Equipement vélo","Stationnement","Accès libre","Nantes Métropole","12","7j/7j 24h/24h","Collectif abrité","SEMITAN","02 40 99 48 48","[ 47.1381893192191 , -1.68120547666772]"
"4723","Véloparc Gare de Thouaré","Rue des Ponts","44470","44204","Thouaré-sur-Loire","Equipement vélo","Stationnement","Accès libre","Nantes Métropole","24","7j/7j 24h/24h","Collectif abrité","SNCF ","02 40 99 48 48","[ 47.2649901177372 , -1.44112177288341]"
"4724","Véloparc Gare de Vertou","Impasse de la Gare","44120","44215","Vertou","Equipement vélo","Stationnement","Accès libre","Nantes Métropole","16","7j/7j 24h/24h","Collectif abrité","SNCF ","02 40 99 48 48","[ 47.1858629512884 , -1.47804194830145]"
"4725","Véloparc Pas enchantés","16 Rue du Docteur Paul Michaux ","44240","44190","Saint-Sébastien-sur-Loire","Equipement vélo","Stationnement","Accès libre","Nantes Métropole","8","7j/7j 24h/24h","Collectif","SNCF ","02 40 99 48 48","[ 47.2066731216882 , -1.51061577952136]"
"4727","Véloparc Gare de Chantenay","Rue de la Gare de Chantenay","44000","44109","Nantes","Equipement vélo","Stationnement","Accès libre","Nantes Métropole","8","7j/7j 24h/24h","Collectif abrité","SNCF ","02 40 99 48 48","[ 47.1972832989515 , -1.5946085923873]"
"4728","Parking Gare sud 4","Rue Marcel Paul","44000","44109","Nantes","Equipement vélo","Stationnement","Accès contrôlé gratuit","Nantes Métropole","50","7j/7j 24h/24h","Collectif abrité","EFFIA","02 40 99 48 48","[ 47.2150964997798 , -1.53799063362981]"
"4729","Véloparc Le Cardo","1 Esplanade du Cardo","44700","44114","Orvault","Equipement vélo","Stationnement","Accès libre","Nantes Métropole","8","7j/7j 24h/24h","Collectif abrité","SEMITAN","02 40 99 48 48","[ 47.2623914481067 , -1.58440436807908]"
"4730","Véloparc Mitterrand","Boulevard Salvador Allende","44800","44162","Saint-Herblain","Equipement vélo","Stationnement","Accès libre","Nantes Métropole","14","7j/7j 24h/24h","Collectif abrité","SEMITAN","02 40 99 48 48","[ 47.2219437314391 , -1.63953854445429]"
"4731","Parking Cité des Congrès","3 Rue de Valmy ","44000","44109","Nantes","Equipement vélo","Stationnement","Accès contrôlé gratuit","Nantes Métropole","29","7j/7j 24h/24h","Collectif abrité","NGE","02 40 99 48 48","[ 47.2136446319759 , -1.54408370271971]"
"4732","Parking Commerce","17 Place du Commerce ","44000","44109","Nantes","Equipement vélo","Stationnement","Accès contrôlé payant","Nantes Métropole","72","7j/7j 24h/24h","Collectif abrité","NGE","02 40 99 48 48","[ 47.2133194916669 , -1.55780979961526]"
"4733","Parking Decré / Bouffay","18 Rue du Moulin ","44000","44109","Nantes","Equipement vélo","Stationnement","Accès contrôlé payant","Nantes Métropole","68","7j/7j 24h/24h","Collectif abrité","NGE","02 40 99 48 48","[ 47.2166660471335 , -1.55423648300399]"
"4734","Parking Foch Cathédrale","6 Rue Sully","44000","44109","Nantes","Equipement vélo","Stationnement","Accès contrôlé payant","Nantes Métropole","67","7j/7j 24h/24h","Collectif abrité","NGE","02 40 99 48 48","[ 47.2210180926155 , -1.55126379441265]"
"4735","Parking Graslin","2 Rue Louis Préaubert","44000","44109","Nantes","Equipement vélo","Stationnement","Accès contrôlé payant","Nantes Métropole","27","7j/7j 24h/24h","Collectif abrité","NGE","02 40 99 48 48","[ 47.2145970255012 , -1.56229634065764]"
"4736","Parking les Machines","49 Rue la Tour d'Auvergne ","44000","44109","Nantes","Equipement vélo","Stationnement","Accès contrôlé gratuit","Nantes Métropole","64","7j/7j 24h/24h","Collectif abrité","NGE","02 40 99 48 48","[ 47.205825786732 , -1.56258620545115]"
"4737","Parking Médiathèque","37 Quai de la Fosse","44000","44109","Nantes","Equipement vélo","Stationnement","Accès contrôlé payant","Nantes Métropole","81","7j/7j 24h/24h","Collectif abrité","NGE","02 40 99 48 48","[ 47.210842495643 , -1.56230755879017]"
"4738","Parking Talensac","9 Rue Le Nôtre ","44000","44109","Nantes","Equipement vélo","Stationnement","Accès contrôlé gratuit","Nantes Métropole","43","7j/7j 24h/24h","Collectif abrité","NGE","02 40 99 48 48","[ 47.2199027335362 , -1.55769331414046]"
"4739","Parking Bretagne","2 Rue de l'Abreuvoir","44000","44109","Nantes","Equipement vélo","Stationnement","Accès contrôlé gratuit","Nantes Métropole","85","7j/7j 24h/24h","Collectif abrité","NGE","02 40 99 48 48","[ 47.2178042739017 , -1.55831594842633]"
"4740","Véloparc Haluchère Nord","Rue de la Petite Baratte","44000","44109","Nantes","Equipement vélo","Stationnement","Accès libre","Nantes Métropole","24","7j/7j 24h/24h","Collectif abrité","SEMITAN","02 40 99 48 48","[ 47.2498994278469 , -1.523250285531]"
"4741","Véloparc Haluchère Sud","Rue du Ranzay","44000","44109","Nantes","Equipement vélo","Stationnement","Accès contrôlé gratuit","Nantes Métropole","18","7j/7j 24h/24h","Collectif abrité","SEMITAN","02 40 99 48 48","[ 47.248436372971 , -1.52254894866165]"
"4742","Véloparc Ranzay","Rue du Port Durand","44000","44109","Nantes","Equipement vélo","Stationnement","Accès libre","Nantes Métropole","24","7j/7j 24h/24h","Collectif abrité","SEMITAN","02 40 99 48 48","[ 47.2530662054207 , -1.53019926826248]"
"4743","Véloparc Marcel Paul","73 Boulevard Marcel Paul","44800","44162","Saint-Herblain","Equipement vélo","Stationnement","Accès contrôlé gratuit","Nantes Métropole","24","7j/7j 24h/24h","Collectif abrité","SEMITAN","02 40 99 48 48","[ 47.2457700165883 , -1.61752447407688]"
"4746","Véloparc Corbinerie","123 Rue Ernest Sauvestre","44400","44143","Rezé","Equipement vélo","Stationnement","Accès libre","Nantes Métropole","6","7j/7j 24h/24h","Consigne Cocoon","SEMITAN","02 40 99 48 48","[ 47.1617797578025 , -1.54191714944145]"
"4747","Véloparc Rouet","Rue des Papillons","44840","44198","Les Sorinières","Equipement vélo","Stationnement","Accès libre","Nantes Métropole","4","7j/7j 24h/24h","Consigne","SEMITAN","02 40 99 48 48","[ 47.1477807735595 , -1.52097760489635]"
"4748","Véloparc Rue des prés","4 Rue des Prés","44830","44024","Brains","Equipement vélo","Stationnement","Accès libre","Nantes Métropole","2","7j/7j 24h/24h","Consigne Cocoon portes coulissantes","SEMITAN","02 40 99 48 48","[ 47.1694366320472 , -1.7229320806397]"
"4750","Parking Feydeau","Rue Léon Maître","44000","44109","Nantes","Equipement vélo","Stationnement","Accès contrôlé payant","Nantes Métropole","20","7j/7j 24h/24h","Collectif abrité","NGE","02 40 99 48 48","[ 47.2138902126219 , -1.55269470271099]"
"4766","Véloparc Moulin Boisseau","Boulevard de l'Epinay","44470","44026","Carquefou","Equipement vélo","Stationnement","Accès libre","Nantes Métropole","4","7j/7j 24h/24h","Consigne Cocoon 2,0 grise","SEMITAN","02 40 99 48 48","[ 47.2881528572141 , -1.48386529581654]"
"4767","Véloparc Rue de Chateaubriand","Rue François René de Chateaubriand ","44470","44026","Carquefou","Equipement vélo","Stationnement","Accès libre","Nantes Métropole","6","7j/7j 24h/24h","Consigne Cocoon 2,0 grise","SEMITAN","02 40 99 48 48","[ 47.3040869710353 , -1.48519147140021]"
"4768","Véloparc Ecole centrale / Sup de co","1 Rue de la Noë","44000","44109","Nantes","Equipement vélo","Stationnement","Accès libre","Nantes Métropole","6","7j/7j 24h/24h","Consigne Cocoon 2,0 grise","SEMITAN","02 40 99 48 48","[ 47.2483227695488 , -1.55141568760083]"
"4769","Véloparc Combattants d'Indochine","Route de Saint Joseph","44000","44109","Nantes","Equipement vélo","Stationnement","Accès libre","Nantes Métropole","4","7j/7j 24h/24h","Consigne Cocoon 2,0 grise","SEMITAN","02 40 99 48 48","[ 47.2425404815194 , -1.53388785527704]"
"4770","Véloparc Keren","Rue de Keren","44000","44109","Nantes","Equipement vélo","Stationnement","Accès libre","Nantes Métropole","4","7j/7j 24h/24h","Consigne Cocoon 2,0 grise","SEMITAN","02 40 99 48 48","[ 47.244833673166 , -1.53286211575202]"
"4802","Véloparc Embellie","20 Allée de l'Embellie","44000","44109","Nantes","Equipement vélo","Stationnement","Accès libre","Nantes Métropole","3","7j/7j 24h/24h","Consigne Cubike grise","SEMITAN","02 40 99 48 48","[ 47.2676809519137 , -1.51630018184518]"
"4803","Véloparc Le Cardo","1 Esplanade du Cardo","44700","44114","Orvault","Equipement vélo","Stationnement","Accès libre","Nantes Métropole","3","7j/7j 24h/24h","Consigne Cubike grise","SEMITAN","02 40 99 48 48","[ 47.2621363109266 , -1.58426843381693]"
"4804","Véloparc Chêne des Anglais","3 Rue Eugène Thomas","44000","44109","Nantes","Equipement vélo","Stationnement","Accès libre","Nantes Métropole","4","7j/7j 24h/24h","Consigne Cubike grise","SEMITAN","02 40 99 48 48","[ 47.2178042739017 , -1.55831594842633]"
"4805","Véloparc Tertre","Boulevard Salvador Allende","44800","44162","Saint-Herblain","Equipement vélo","Stationnement","Accès libre","Nantes Métropole","10","7j/7j 24h/24h","Collectif abrité","Pôle Loire Chezine","02 40 99 48 48","[ 47.2142903818313 , -1.60795751156494]"
"4806","Véloparc Place Viarme","Place Viarme","44000","44109","Nantes","Equipement vélo","Stationnement","Accès libre","Nantes Métropole","3","7j/7j 24h/24h","Consigne Cubike verte","SEMITAN","02 40 99 48 48","[ 47.221443575082 , -1.56299414711686]"
"4808","Véloparc Gare maritime","Rue Meuris","44000","44109","Nantes","Equipement vélo","Stationnement","Accès libre","Nantes Métropole","6","7j/7j 24h/24h","Consigne Cocoon 2,0 grise","SEMITAN","02 40 99 48 48","[ 47.2073374547779 , -1.57259271566447]"
"4809","Véloparc Terminus C5","Boulevard des Antilles","44000","44109","Nantes","Equipement vélo","Stationnement","Accès libre","Nantes Métropole","5","7j/7j 24h/24h","Consigne Cubike marron","SEMITAN","02 40 99 48 48","[ 47.2030346638934 , -1.57105494366]"
"4810","Véloparc Nefs","72 Boulevard de la Prairie au Duc ","44000","44109","Nantes","Equipement vélo","Stationnement","Accès libre","Nantes Métropole","4","7j/7j 24h/24h","Consigne Cubike marron","SEMITAN","02 40 99 48 48","[ 47.2040613240693 , -1.56585693402247]"
"4811","Véloparc République","Place de la République","44000","44109","Nantes","Equipement vélo","Stationnement","Accès libre","Nantes Métropole","5","7j/7j 24h/24h","Consigne Cubike marron","SEMITAN","02 40 99 48 48","[ 47.2056044923768 , -1.55434334141033]"
"4812","Véloparc Estuaire","Boulevard de l'Estuaire","44000","44109","Nantes","Equipement vélo","Stationnement","Accès libre","Nantes Métropole","2","7j/7j 24h/24h","Consigne Cubike marron","SEMITAN","02 40 99 48 48","[ 47.20462479399 , -1.55362637412417]"
"4813","Véloparc Rondeau","Rue Gaëtan Rondeau","44000","44109","Nantes","Equipement vélo","Stationnement","Accès libre","Nantes Métropole","5","7j/7j 24h/24h","Consigne Cubike marron","SEMITAN","02 40 99 48 48","[ 47.2133194916669 , -1.55780979961526]"
"4814","Véloparc Pompidou","9 Boulevard Georges Pompidou","44000","44109","Nantes","Equipement vélo","Stationnement","Accès libre","Nantes Métropole","3","7j/7j 24h/24h","Consigne Cubike marron","SEMITAN","02 40 99 48 48","[ 47.2095692412206 , -1.527052226371]"
"4816","Véloparc La Chapelle Centre","Rue de l'Erdre","44240","44035","La-Chapelle-sur-Erdre","Equipement vélo","Stationnement","Accès contrôlé gratuit","Nantes Métropole","32","7j/7j 24h/24h","Collectif abrité","SNCF ","02 40 99 48 48","[ 47.2972769023897 , -1.54799668373113]"
"4817","Véloparc La Chapelle Aulnay","Avenue Gandonnière","44240","44035","La-Chapelle-sur-Erdre","Equipement vélo","Stationnement","Accès contrôlé gratuit","Nantes Métropole","40","7j/7j 24h/24h","Collectif abrité","SNCF ","02 40 99 48 48","[ 47.3061824830704 , -1.54358501452753]"
"4818","Véloparc La Montagne Pompiers","Rue de la Cruaudière","44640","44166","Saint-Jean-de-Boiseau","Equipement vélo","Stationnement","Accès libre","Nantes Métropole","4","7j/7j 24h/24h","Consigne Cocoon 2,0 grise","SEMITAN","02 40 99 48 48","[ 47.1919519898532 , -1.69670317399335]"
"4963","Véloparc Ragon","Rue Ernest Sauvestre","44400","44143","Rezé","Equipement vélo","Stationnement","Accès libre","Nantes Métropole","10","7j/7j 24h/24h","Consigne Cocoon","SEMITAN","02 40 99 48 48","[ 47.1653707596734 , -1.54222051843371]"
"4968","Véloparc Rue du Prieuré","2G Avenue du Onze Novembre","44640","44166","Saint-Jean-de-Boiseau","Equipement vélo","Stationnement","Accès libre","Nantes Métropole","4","7j/7j 24h/24h","Consigne","SEMITAN","02 40 99 48 48","[ 47.195661223544 , -1.72505654542723]"
"4973","Véloparc P+R Prairie de Mauves","Boulevard Prairie de Mauves","44000","44109","Nantes","Equipement vélo","Stationnement","Accès libre","Nantes Métropole","6","7j/7j 24h/24h","Consigne Cubike","SEMITAN","02 40 99 48 48","[ 47.2201417730106 , -1.51637273230596]"
"4974","Véloparc Bld de l'Océan","Boulevard de l'Océan","44220","44047","Couëron","Equipement vélo","Stationnement","Accès libre","Nantes Métropole","2","7j/7j 24h/24h","Consigne","SEMITAN","02 40 99 48 48","[ 47.2135344604128 , -1.73922897453936]"
"4975","Véloparc Champ de Foire","Route du Champ de Foire","44860","44150","Saint-Aignan-de-Grandlieu","Equipement vélo","Stationnement","Accès libre","Nantes Métropole","4","7j/7j 24h/24h","Consigne","SEMITAN","02 40 99 48 48","[ 47.1245474315963 , -1.61848015839512]"
"4977","Véloparc Esplanade des 4 vents","Esplanade des quatre Vents","44800","44162","Saint-Herblain","Equipement vélo","Stationnement","Accès libre","Nantes Métropole","4","7j/7j 24h/24h","Consigne Cubike grise v1 (2 pl)Cubike v2 (2 pl)","SEMITAN","02 40 99 48 48","[ 47.2305164853772 , -1.61695006169611]"
"4978","Véloparc Sillon de Bretagne","Avenue de l'Angevinière","44800","44162","Saint-Herblain","Equipement vélo","Stationnement","Accès libre","Nantes Métropole","6","7j/7j 24h/24h","Consigne Cubike grise","SEMITAN","02 40 99 48 48","[ 47.2455229741289 , -1.60828187303948]"
"4979","Véloparc Chapelle des Anges","Chemin Chapelle des Anges","44700","44114","Orvault","Equipement vélo","Stationnement","Accès libre","Nantes Métropole","2","7j/7j 24h/24h","Consigne Cubike grise","SEMITAN","02 40 99 48 48","[ 47.2749820512704 , -1.63707835022723]"
"4980","Véloparc Aven","Rue de l'Aven","44240","44035","La-Chapelle-sur-Erdre","Equipement vélo","Stationnement","Accès libre","Nantes Métropole","6","7j/7j 24h/24h","Consigne Cubike","SEMITAN","02 40 99 48 48","[ 47.3061938932973 , -1.56026174045074]"
"4981","Véloparc P+R Trentemoult","9B Quai Surcouf","44400","44143","Rezé","Equipement vélo","Stationnement","Accès libre","Nantes Métropole","4","7j/7j 24h/24h","Consigne Mobilier municipal","SEMITAN","02 40 99 48 48","[ 47.1949288751876 , -1.5778955762071]"
"4982","Véloparc Château de Rezé","Place François Mitterrand","44400","44143","Rezé","Equipement vélo","Stationnement","Accès libre","Nantes Métropole","4","7j/7j 24h/24h","Consigne Cubike grise, porte basculante","SEMITAN","02 40 99 48 48","[ 47.1844768472306 , -1.55951818972585]"
"4983","Véloparc piscine","2 rue de Tasmanie","44115","44009","Basse-Goulaine","Equipement vélo","Stationnement","Accès libre","Nantes Métropole","2","7j/7j 24h/24h","Consigne Cubike","SEMITAN","02 40 99 48 48","[ 47.189732551506 , -1.47222231056134]"
"4984","Véloparc local jeunes","156 rue du Grignon","44115","44009","Basse-Goulaine","Equipement vélo","Stationnement","Accès libre","Nantes Métropole","2","7j/7j 24h/24h","Consigne","SEMITAN","02 40 99 48 48","[ 47.2153004794875 , -1.47554377262673]"
"4985","Véloparc P+R Métro","361 route de Sainte-Luce","44000","44109","Nantes","Equipement vélo","Stationnement","Accès libre","Nantes Métropole","6","7j/7j 24h/24h","Consigne","SEMITAN","02 40 99 48 48","[ 47.2467679975239 , -1.49555909044625]"
"4986","Aire du bac de Basse Indre ","Esplanade Lucien le Loire","44610","44074","Indre","Equipement vélo","Stationnement","Accès libre","Nantes Métropole","4","7j/7j 24h/24h","Collectif abrité Mobestan","Pôle Loire Chezine","02 40 99 48 48","[ 47.1977362030633 , -1.67358956334145]"
"4987","Aire du jardin Haute Indre","Esplanade Alphone Guihot","44610","44074","Indre","Equipement vélo","Stationnement","Accès libre","Nantes Métropole","4","7j/7j 24h/24h","Collectif abrité Mobestan","Pôle Loire Chezine","02 40 99 48 48","[ 47.197117341128 , -1.67151989433438]"
"4988","Parking Commerce","17 Place du Commerce ","44000","44109","Nantes","Equipement vélo","Stationnement","Accès libre","Nantes Métropole","34","7j/7j 24h/24h","Collectif abrité","NGE","02 40 99 48 48","[ 47.213226237398 , -1.55778146773]"
"4989","Véloparc 5 Chemins","Giratoire des 5 chemins","44470","44026","Carquefou","Equipement vélo","Stationnement","Accès libre","Nantes Métropole","4","7j/7j 24h/24h","Consigne Cubike v2","SEMITAN","02 40 99 48 48","[ 47.3045800510779 , -1.50374908654928]"
"4990","Véloparc Babinière","Avenue de la Babinière","44240","44035","La-Chapelle-sur-Erdre","Equipement vélo","Stationnement","Accès contrôlé gratuit","Nantes Métropole","24","7j/7j 24h/24h","Collectif abrité","SEMITAN","02 40 99 48 48","[ 47.2591489381424 , -1.5457077889195]"
"4991","Véloparc Boulevard de Doulon","Boulevard de Doulon","44000","44109","Nantes","Equipement vélo","Stationnement","Accès libre","Nantes Métropole","6","7j/7j 24h/24h","Consigne Cocoon 2,0 grise","SEMITAN","02 40 99 48 48","[ 47.2239225786839 , -1.52000863029472]"
"4992","Véloparc Bourdonnières 1","54 rue des Bourdonnières","44000","44109","Nantes","Equipement vélo","Stationnement","Accès libre","Nantes Métropole","4","7j/7j 24h/24h","Consigne Cocoon","SEMITAN","02 40 99 48 48","[ 47.1867398675164 , -1.52171937607439]"
"4993","Véloparc Croix Jeannette","Place de la Croix Jeannette","44340","44020","Bouguenais","Equipement vélo","Stationnement","Accès libre","Nantes Métropole","6","7j/7j 24h/24h","Consigne Cocoon  ","SEMITAN","02 40 99 48 48","[ 47.1724372042632 , -1.62157771137894]"
"4994","Véloparc de la Liberté","Place de la Liberté","44000","44109","Nantes","Equipement vélo","Stationnement","Accès libre","Nantes Métropole","6","7j/7j 24h/24h","Consigne","SEMITAN","02 40 99 48 48","[ 47.2066923012017 , -1.5876115796512]"
"4995","Véloparc Erdre Active","Rue de la Bérangerais","44240","44035","La-Chapelle-sur-Erdre","Equipement vélo","Stationnement","Accès contrôlé gratuit","Nantes Métropole","16","7j/7j 24h/24h","Collectif abrité","SNCF ","02 40 99 48 48","[ 47.2832317088433 , -1.54380661449249]"
"4996","Véloparc Erdre Active","Rue de la Bérangerais","44240","44035","La-Chapelle-sur-Erdre","Equipement vélo","Stationnement","Accès libre","Nantes Métropole","16","7j/7j 24h/24h","Collectif abrité","SNCF ","02 40 99 48 48","[ 47.2830963072308 , -1.5437888430464]"
"4997","Véloparc Frêne Rond","75 Rue de l'Ouche Quinet","44240","44190","Saint-Sébastien-sur-Loire","Equipement vélo","Stationnement","Accès libre","Nantes Métropole","20","7j/7j 24h/24h","Collectif abrité","SNCF ","02 40 99 48 48","[ 47.1902955762765 , -1.49606009381193]"
"4998","Véloparc Frêne Rond","75 Rue de l'Ouche Quinet","44240","44190","Saint-Sébastien-sur-Loire","Equipement vélo","Stationnement","Accès contrôlé gratuit","Nantes Métropole","10","7j/7j 24h/24h","Collectif abrité","SNCF ","02 40 99 48 48","[ 47.1903549940711 , -1.49589840072199]"
"4999","Véloparc Gare de Bouaye","Allée Louis Armand","44830","44018","Bouaye","Equipement vélo","Stationnement","Accès libre","Nantes Métropole","6","7j/7j 24h/24h","Collectif abrité","SNCF ","02 40 99 48 48","[ 47.1382636297546 , -1.68120814464243]"
"5000","Véloparc Gare de Chantenay","Rue de la Gare de Chantenay","44000","44109","Nantes","Equipement vélo","Stationnement","Accès libre","Nantes Métropole","2","7j/7j 24h/24h","Consigne Cocoon","","02 40 99 48 48","[ 47.1974743077672 , -1.59432964494302]"
"5001","Véloparc Gare de Couëron","Rue de la Gare","44220","44047","Couëron","Equipement vélo","Stationnement","Accès libre","Nantes Métropole","12","7j/7j 24h/24h","Collectif abrité","SNCF ","02 40 99 48 48","[ 47.221653904302 , -1.72373629855162]"
"5002","Véloparc Gare de Vertou","Rue du Bois Rigaud","44120","44215","Vertou","Equipement vélo","Stationnement","Accès libre","Nantes Métropole","10","7j/7j 24h/24h","Collectif abrité","SNCF ","02 40 99 48 48","[ 47.1864964351489 , -1.4781000307962]"
"5003","Véloparc l'Orcerie","Rue de l'Orcerie","44840","44198","Les Sorinières","Equipement vélo","Stationnement","Accès libre","Nantes Métropole","4","7j/7j 24h/24h","Consigne Cubike grise v2","SEMITAN","02 40 99 48 48","[ 47.1589607441898 , -1.51748548189433]"
"5004","Véloparc La Chapelle  ","4 rue de la Chapelle","44340","44020","Bouguenais","Equipement vélo","Stationnement","Accès libre","Nantes Métropole","10","7j/7j 24h/24h","Consigne Cubike grise v2","SEMITAN","02 40 99 48 48","[ 47.1807121787609 , -1.58632180119847]"
"5005","Véloparc La Chapelle Centre","Rue de l'Erdre","44240","44035","La-Chapelle-sur-Erdre","Equipement vélo","Stationnement","Accès libre","Nantes Métropole","20","7j/7j 24h/24h","Collectif abrité","SNCF ","02 40 99 48 48","[ 47.2969240098082 , -1.54796771990147]"
"5006","Véloparc Libération","Boulevard de la Libération","44220","44047","Couëron","Equipement vélo","Stationnement","Accès libre","Nantes Métropole","4","7j/7j 24h/24h","Consigne Cubike grise v1  ","SEMITAN","02 40 99 48 48","[ 47.2153726164013 , -1.68207899312065]"
"5007","Véloparc Mendes France","3 rue d'Aquitaine","44800","44162","Saint-Herblain","Equipement vélo","Stationnement","Accès libre","Nantes Métropole","10","7j/7j 24h/24h","Collectif abrité","Pôle Loire Chezine","02 40 99 48 48","[ 47.2085905752988 , -1.61235828038506]"
"5008","Véloparc Neustrie","Rue de la Neustrie","44340","44020","Bouguenais","Equipement vélo","Stationnement","Accès libre","Nantes Métropole","12","7j/7j 24h/24h","Consigne Cocoon  ","SEMITAN","02 40 99 48 48","[ 47.1763650302262 , -1.59145893784912]"
"5009","Véloparc Pas enchantés","Rue du Docteur Paul Michaux","44240","44190","Saint-Sébastien-sur-Loire","Equipement vélo","Stationnement","Accès contrôlé gratuit","Nantes Métropole","20","7j/7j 24h/24h","Collectif","SNCF ","02 40 99 48 48","[ 47.2066314736294 , -1.51044691812456]"
"5010","Véloparc Peccot","Avenue Claude Antoine Peccot","44700","44114","Orvault","Equipement vélo","Stationnement","Accès libre","Nantes Métropole","8","7j/7j 24h/24h","Consigne Cubike grise v2","SEMITAN","02 40 99 48 48","[ 47.2550722302346 , -1.47607740517314]"
"5011","Véloparc pôle Loire Chézine","1 rue Virginia Woolf","44800","44162","Saint-Herblain","Equipement vélo","Stationnement","Accès libre","Nantes Métropole","8","7j/7j 24h/24h","Collectif abrité","Pôle Loire Chezine","02 40 99 48 48","[ 47.2210284949007 , -1.63765038881416]"
"5012","Vélopart Abel Durand","Rond point Abel Durand","44000","44109","Nantes","Equipement vélo","Stationnement","Accès libre","Nantes Métropole","4","7j/7j 24h/24h","Consigne Cubike grise v2","SEMITAN","02 40 99 48 48","[ 47.2212120912358 , -1.60375605227389]"
"5013","Vélopart Gauteries","Mail des Gauteries","44470","44026","Carquefou","Equipement vélo","Stationnement","Accès libre","Nantes Métropole","2","7j/7j 24h/24h","Consigne Cocoon  ","SEMITAN","02 40 99 48 48","[ 47.3001734754484 , -1.48196728350305]"
"5014","Vélopart Gilarderie","Rue de la Gilarderie","44000","44109","Nantes","Equipement vélo","Stationnement","Accès libre","Nantes Métropole","4","7j/7j 24h/24h","Consigne","SEMITAN","02 40 99 48 48","[ 47.1883578964366 , -1.52154532103682]"
"5015","Véloparc Gachet","Route de Gachet","44000","44109","Nantes","Equipement vélo","Stationnement","Accès libre","Nantes Métropole","4","7/7j 24h/24h","Consigne Vel'box","Decaux","02 40 99 48 48","[ 47.2807274519095 , -1.51392208802029]"
"5016","Véloparc la Croix de Mauves","Parking de la Croix","44470","44094","Mauves-sur-Loire","Equipement vélo","Stationnement","Accès libre","Nantes Métropole","16","7/7j 24h/24h","Consigne Vel'box","Decaux","02 40 99 48 48","[ 47.3004989302943 , -1.39781574061426]"
"5017","Véloparc de la Gare","Rue de l'Allier","44610","44074","Indre","Equipement vélo","Stationnement","Accès libre","Nantes Métropole","8","7/7j 24h/24h","Consigne Vel'box","Decaux","02 40 99 48 48","[ 47.2004437888069 , -1.66838922562174]"
"5018","Véloparc du bac","Cale du bac","44610","44074","Indre","Equipement vélo","Stationnement","Accès libre","Nantes Métropole","8","7/7j 24h/24h","Consigne Vel'box","Decaux","02 40 99 48 48","[ 47.1978454400455 , -1.67387415393317]"
"5019","Véloparc Herdrie","Route du Loroux Bottereau","44115","44009","Basse Goulaine","Equipement vélo","Stationnement","Accès libre","Nantes Métropole","16","7/7j 24h/24h","Consigne Vel'box","Decaux","02 40 99 48 48","[ 47.197904800593 , -1.45484965830765]"
"5020","Véloparc Herdrie 2","Rue de la Basse Lande","44115","44009","Basse Goulaine","Equipement vélo","Stationnement","Accès libre","Nantes Métropole","16","7/7j 24h/24h","Consigne Vel'box","Decaux","02 40 99 48 48","[ 47.197792348144 , -1.45315523677277]"
"5021","Véloparc Auriol","Place Vincent Auriol","44000","44109","Nantes","Equipement vélo","Stationnement","Accès libre","Nantes Métropole","8","7/7j 24h/24h","Consigne Vel'box","Decaux","02 40 99 48 48","[ 47.2221342207363 , -1.5921702267337]"
"5022","Véloparc Fabrique","Rue Jean Nattier","44000","44109","Nantes","Equipement vélo","Stationnement","Accès libre","Nantes Métropole","8","7/7j 24h/24h","Consigne Vel'box","Decaux","02 40 99 48 48","[ 47.2254632567198 , -1.59074383231473]"
"5023","Véloparc Massacre","Boulevard du Massacre","44000","44109","Nantes","Equipement vélo","Stationnement","Accès libre","Nantes Métropole","16","7/7j 24h/24h","Consigne Vel'box","Decaux","02 40 99 48 48","[ 47.2292949581836 , -1.5977285525934]"
"5024","Véloparc Procé","Place Doumer","44000","44109","Nantes","Equipement vélo","Stationnement","Accès libre","Nantes Métropole","16","7/7j 24h/24h","Consigne Vel'box","Decaux","02 40 99 48 48","[ 47.221903821873 , -1.57825602447401]"
"5025","Véloparc Ville au Denis","Chemin de la Blanche","44340","44020","Bouguenais","Equipement vélo","Stationnement","Accès libre","Nantes Métropole","16","7/7j 24h/24h","Consigne Vel'box","Decaux","02 40 99 48 48","[ 47.1630396719894 , -1.62760312592609]"
"5026","Véloparc Saint Léger","Rue de Nantes","44710","44171","Saint-Léger-les-Vignes","Equipement vélo","Stationnement","Accès libre","Nantes Métropole","8","7/7j 24h/24h","Consigne Vel'box","Decaux","02 40 99 48 48","[ 47.1366421548211 , -1.72717949411051]"
"4610","Véloparc Pirmil","25 Rue Esnoult des Châtelets","44000","44109","Nantes","Equipement vélo","Stationnement","Accès libre","Nantes Métropole","8","7j/7j 24h/24h","Consigne Cocoon  ","SEMITAN","02 40 99 48 48","[ 47.1957981695285 , -1.54346489372534]"
"4611","Véloparc Pont Rousseau","Rue de la Gare","44400","44143","Rezé","Equipement vélo","Stationnement","Accès contrôlé gratuit","Nantes Métropole","20","7j/7j 24h/24h","Collectif abrité Mobilier SNCF","SEMITAN","02 40 99 48 48","[ 47.1925455226457 , -1.54875232674415]"
"4612","Véloparc 8 Mai","Place du Huit Mai","44400","44143","Rezé","Equipement vélo","Stationnement","Accès libre","Nantes Métropole","20","7j/7j 24h/24h","Collectif abrité","SEMITAN","02 40 99 48 48","[ 47.1892249617257 , -1.55184420565801]"
"4613","Véloparc Trocardière","6 Avenue Léon Blum","44400","44143","Rezé","Equipement vélo","Stationnement","Accès libre","Nantes Métropole","10","7j/7j 24h/24h","Consigne","SEMITAN","02 40 99 48 48","[ 47.1833785036979 , -1.57025592497982]"
"4614","Véloparc Grande Ouche","Impasse de la Boisselée","44340","44020","Bouguenais","Equipement vélo","Stationnement","Accès libre","Nantes Métropole","10","7j/7j 24h/24h","Consigne Cocoon","SEMITAN","02 40 99 48 48","[ 47.1816995170741 , -1.57960103785379]"
"4617","Véloparc Gréneraie","1 Boulevard Emile Gabory","44000","44109","Nantes","Equipement vélo","Stationnement","Accès libre","Nantes Métropole","20","7j/7j 24h/24h","Collectif abrité","SEMITAN","02 40 99 48 48","[ 47.199672060107 , -1.53310757972909]"
"4618","Véloparc Gréneraie","1 Boulevard Emile Gabory","44000","44109","Nantes","Equipement vélo","Stationnement","Accès contrôlé gratuit","Nantes Métropole","20","7j/7j 24h/24h","Collectif abrité","SEMITAN","02 40 99 48 48","[ 47.1997403079071 , -1.53317264255169]"
"4619","Véloparc Mauvoisins","63 Rue de la Gilarderie","44000","44109","Nantes","Equipement vélo","Stationnement","Accès libre","Nantes Métropole","14","7j/7j 24h/24h","Consigne Cocoon 2,0 grise","SEMITAN","02 40 99 48 48","[ 47.1902113524956 , -1.52540142541758]"
"4620","Véloparc Bourdonnières 2","59 rue des Bourdonnières","44000","44109","Nantes","Equipement vélo","Stationnement","Accès libre","Nantes Métropole","2","7j/7j 24h/24h","Consigne Cocoon","SEMITAN","02 40 99 48 48","[ 47.1865473480937 , -1.52140876660285]"
"4622","Véloparc Porte de Vertou","Rue de la Grand' Maison","44120","44215","Vertou","Equipement vélo","Stationnement","Accès libre","Nantes Métropole","10","7j/7j 24h/24h","Consigne Cocoon","SEMITAN","02 40 99 48 48","[ 47.1806310680126 , -1.50530476679971]"
"4623","Véloparc Pas Enchantés","Rue de la Boulogne","44240","44190","Saint-Sébastien-sur-Loire","Equipement vélo","Stationnement","Accès libre","Nantes Métropole","16","7j/7j 24h/24h","Collectif abrité","SNCF ","02 40 99 48 48","[ 47.2069030138353 , -1.51125388162208]"
"4628","Véloparc Gare de Vertou","16 Rue du Bois Rigaud","44120","44215","Vertou","Equipement vélo","Stationnement","Accès contrôlé gratuit","Nantes Métropole","20","7j/7j 24h/24h","Collectif abrité","SNCF ","02 40 99 48 48","[ 47.1858485578115 , -1.4780142364088]"
"4629","Parking Gare sud","4 Rue de Lourmel","44000","44109","Nantes","Equipement vélo","Stationnement","Accès libre","Nantes Métropole","160","7j/7j 24h/24h","Collectif abrité","EFFIA","02 40 99 48 48","[ 47.2161546445432 , -1.54186761731194]"
"4630","Parking Gare sud","4 Rue de Lourmel ","44000","44109","Nantes","Equipement vélo","Stationnement","Accès contrôlé gratuit","Nantes Métropole","182","7j/7j 24h/24h","Collectif abrité","EFFIA","02 40 99 48 48","[ 47.216185028737 , -1.54167126719894]"
"4631","Parking Gare nord","51 Boulevard de Stalingrad","44000","44109","Nantes","Equipement vélo","Stationnement","Accès libre","Nantes Métropole","222","7j/7j 24h/24h","Collectif abrité","EFFIA","02 40 99 48 48","[ 47.2173064278278 , -1.54344396389012]"
"4632","Véloparc Beaujoire","Boulevard de la Beaujoire","44000","44109","Nantes","Equipement vélo","Stationnement","Accès libre","Nantes Métropole","14","7j/7j 24h/24h","Consigne Cocoon","SEMITAN","02 40 99 48 48","[ 47.2591872715003 , -1.52566317633647]"
"4634","Véloparc Recteur Schmitt","34 Rue de la Bourgeonnière","44000","44109","Nantes","Equipement vélo","Stationnement","Accès libre","Nantes Métropole","10","7j/7j 24h/24h","Consigne","SEMITAN","02 40 99 48 48","[ 47.2520617482818 , -1.5524888640908]"
"4635","Véloparc Grand Val","Boulevard Mendès France","44700","44114","Orvault","Equipement vélo","Stationnement","Accès libre","Nantes Métropole","10","7j/7j 24h/24h","Consigne Cocoon","SEMITAN","02 40 99 48 48","[ 47.2618808647096 , -1.59202307733557]"
"4636","Véloparc Morlère Paquelais","94 Avenue de la Morlière","44700","44114","Orvault","Equipement vélo","Stationnement","Accès libre","Nantes Métropole","10","7j/7j 24h/24h","Consigne Cocoon","SEMITAN","02 40 99 48 48","[ 47.2477519871229 , -1.60278903187212]"
"4637","Véloparc Marcel Paul","73 Boulevard Marcel Paul","44800","44162","Saint-Herblain","Equipement vélo","Stationnement","Accès libre","Nantes Métropole","12","7j/7j 24h/24h","Collectif abrité","SEMITAN","02 40 99 48 48","[ 47.2456958590252 , -1.61758049773872]"
"4638","Véloparc Bignon","55 Rue des Verts Prés","44700","44114","Orvault","Equipement vélo","Stationnement","Accès libre","Nantes Métropole","10","7j/7j 24h/24h","Consigne Cocoon","SEMITAN","02 40 99 48 48","[ 47.2489560891819 , -1.59789034284696]"
"4639","Véloparc Plaisance","203 Route de Vannes","44800","44162","Saint-Herblain","Equipement vélo","Stationnement","Accès libre","Nantes Métropole","12","7j/7j 24h/24h","Collectif abrité","Pôle Loire Chezine","02 40 99 48 48","[ 47.2408711926326 , -1.59305566080458]"
"4640","Véloparc Neruda","Boulevard Salvador Allende","44800","44162","Saint-Herblain","Equipement vélo","Stationnement","Accès libre","Nantes Métropole","6","7j/7j 24h/24h","Consigne Cocoon","SEMITAN","02 40 99 48 48","[ 47.217939788698 , -1.61426149217547]"
"4642","Véloparc Place du vieux cimetiere","Place de la Poste","44470","44026","Carquefou","Equipement vélo","Stationnement","Accès libre","Nantes Métropole","4","7j/7j 24h/24h","Consigne Cubike grise v2","SEMITAN","02 40 99 48 48","[ 47.2967662516194 , -1.49175134395046]"
"4643","Véoparc Hangar à Bananes","Boulevard des Antilles","44000","44109","Nantes","Equipement vélo","Stationnement","Accès libre","Nantes Métropole","13","7j/7j 24h/24h","Consigne Cubike marron","SEMITAN","02 40 99 48 48","[ 47.1998976515236 , -1.57282043270569]"
"4644","Véloparc Pirmil","24 Rue Esnoul des Châtelets","44000","44109","Nantes","Equipement vélo","Stationnement","Accès contrôlé gratuit","Nantes Métropole","20","7j/7j 24h/24h","Collectif abrité","SEMITAN","02 40 99 48 48","[ 47.1964349639252 , -1.54289738101536]"
"4645","Véloparc Pirmil","24 Rue Esnoul des Châtelets","44000","44109","Nantes","Equipement vélo","Stationnement","Accès libre","Nantes Métropole","20","7j/7j 24h/24h","Collectif abrité","SEMITAN","02 40 99 48 48","[ 47.1965912087143 , -1.54258772855929]"
"4646","Véloparc Maraïchers","Rue de la Grand' Maison","44120","44215","Vertou","Equipement vélo","Stationnement","Accès libre","Nantes Métropole","4","7j/7j 24h/24h","Consigne","SEMITAN","02 40 99 48 48","[ 47.185049352588 , -1.51069479566886]"
"4647","Véloparc Vertou gare routière","2 Rue de l'Hôpital","44120","44215","Vertou","Equipement vélo","Stationnement","Accès libre","Nantes Métropole","4","7j/7j 24h/24h","Consigne","SEMITAN","02 40 99 48 48","[ 47.1688875658287 , -1.47124094268924]"
"4648","Véloparc 3 Moulins","Rue Aristide Briand","44400","44143","Rezé","Equipement vélo","Stationnement","Accès libre","Nantes Métropole","4","7j/7j 24h/24h","Consigne Cocoon","SEMITAN","02 40 99 48 48","[ 47.1782613160916 , -1.5441475683523]"
"4649","Véloparc Place de la Mairie","49 Rue Georges Clemenceau","44840","44198","Les Sorinières","Equipement vélo","Stationnement","Accès libre","Nantes Métropole","8","7j/7j 24h/24h","Consigne","SEMITAN","02 40 99 48 48","[ 47.1485771550742 , -1.53119245819685]"
"4650","Véloparc Diderot","Avenue de la Vendée","44400","44143","Rezé","Equipement vélo","Stationnement","Accès libre","Nantes Métropole","10","7j/7j 24h/24h","Consigne Cocoon","SEMITAN","02 40 99 48 48","[ 47.1842394172857 , -1.56267840078721]"
"4651","Véloparc Gare de Thouaré","Rue des Ponts","44470","44204","Thouaré-sur-Loire","Equipement vélo","Stationnement","Accès contrôlé gratuit","Nantes Métropole","12","7j/7j 24h/24h","Collectif abrité","SEMITAN","02 40 99 48 48","[ 47.265075177836 , -1.44077387102592]"
"4652","Véloparc Haluchère Nord","Rue de la Petite Baratte","44000","44109","Nantes","Equipement vélo","Stationnement","Accès contrôlé gratuit","Nantes Métropole","24","7j/7j 24h/24h","Collectif abrité","SEMITAN","02 40 99 48 48","[ 47.2499301761201 , -1.52329496437382]"
"4653","Véloparc Haluchère Sud","Rue du Ranzay","44000","44109","Nantes","Equipement vélo","Stationnement","Accès libre","Nantes Métropole","28","7j/7j 24h/24h","Collectif abrité","SEMITAN","02 40 99 48 48","[ 47.2484723352903 , -1.5226151894888]"
"4654","Véloparc Ranzay","Rue du Port Durand","44000","44109","Nantes","Equipement vélo","Stationnement","Accès contrôlé gratuit","Nantes Métropole","24","7j/7j 24h/24h","Collectif abrité","SEMITAN","02 40 99 48 48","[ 47.2530223040639 , -1.53010640713452]"
"4655","Véloparc Babinière","Avenue de la Babinière","44240","44035","La-Chapelle-sur-Erdre","Equipement vélo","Stationnement","Accès libre","Nantes Métropole","24","7j/7j 24h/24h","Collectif abrité","SEMITAN","02 40 99 48 48","[ 47.2591209503172 , -1.54570443397948]"
"4659","Véloparc René Cassin","1 Boulevard René Cassin","44000","44109","Nantes","Equipement vélo","Stationnement","Accès libre","Nantes Métropole","10","7j/7j 24h/24h","Consigne","SEMITAN","02 40 99 48 48","[ 47.2641310407794 , -1.57525334606995]"
"4660","Véloparc Bout des Pavés","2 Rue Alberto Giacometti","44700","44114","Orvault","Equipement vélo","Stationnement","Accès libre","Nantes Métropole","6","7j/7j 24h/24h","Consigne Cocoon","SEMITAN","02 40 99 48 48","[ 47.2531588341093 , -1.57648890520511]"
"4661","Véloparc Pont du Cens","21 Route de Rennes","44000","44109","Nantes","Equipement vélo","Stationnement","Accès libre","Nantes Métropole","4","7j/7j 24h/24h","Consigne","SEMITAN","02 40 99 48 48","[ 47.2487487382344 , -1.57694786488513]"
"4662","Véloparc Place Eglise","Place de l'Eglise","44700","44114","Orvault","Equipement vélo","Stationnement","Accès libre","Nantes Métropole","4","7j/7j 24h/24h","Consigne","SEMITAN","02 40 99 48 48","[ 47.2709707950406 , -1.62362744816583]"
"4663","Véloparc Sautron terminus","8 Rue de la Ferme","44880","44194","Sautron","Equipement vélo","Stationnement","Accès libre","Nantes Métropole","4","7j/7j 24h/24h","Consigne","SEMITAN","02 40 99 48 48","[ 47.2643012982953 , -1.6795413186492]"
"4664","Véloparc Rue du Grignon","Rue du Grignon","44115","44009","Basse-Goulaine","Equipement vélo","Stationnement","Accès libre","Nantes Métropole","6","7j/7j 24h/24h","Consigne Cocoon","SEMITAN","02 40 99 48 48","[ 47.216582603655 , -1.46662847212022]"
"4665","Véloparc Le Pellerin ligne express","Place du Champ de Foire","44640","44120","Le Pellerin","Equipement vélo","Stationnement","Accès libre","Nantes Métropole","4","7j/7j 24h/24h","Consigne Cocoon","SEMITAN","02 40 99 48 48","[ 47.201690614414 , -1.75914765269446]"
"4666","Véloparc Bois Raguenet","RD 42","44700","44114","Orvault","Equipement vélo","Stationnement","Accès libre","Nantes Métropole","8","7j/7j 24h/24h","Consigne Cocoon 2,0 orange","SEMITAN","02 40 99 48 48","[ 47.2666841474877 , -1.60019285894285]"
"4667","Véloparc Mairie Doulon","Boulevard Louis Millet","44000","44109","Nantes","Equipement vélo","Stationnement","Accès libre","Nantes Métropole","6","7j/7j 24h/24h","Consigne Cocoon","SEMITAN","02 40 99 48 48","[ 47.22726239026 , -1.51864648780233]"
"4668","Véloparc Clos Toreau","31 Boulevard Emile Gabory","44000","44109","Nantes","Equipement vélo","Stationnement","Accès libre","Nantes Métropole","8","7j/7j 24h/24h","Consigne Cubike grise v2 (4 pl)Cocoon(4 pl)","SEMITAN","02 40 99 48 48","[ 47.1940516118447 , -1.52885900557247]"
"4669","Véloparc Landreau","18 Rue du Moulin Neuf","44000","44109","Nantes","Equipement vélo","Stationnement","Accès libre","Nantes Métropole","4","7j/7j 24h/24h","Consigne Cocoon","SEMITAN","02 40 99 48 48","[ 47.2319371728795 , -1.51567406343884]"
"4670","Véloparc Santos Dumont","83 Rue des Renards","44000","44109","Nantes","Equipement vélo","Stationnement","Accès libre","Nantes Métropole","12","7j/7j 24h/24h","Consigne Cocoon","SEMITAN","02 40 99 48 48","[ 47.2593409161253 , -1.56817517991519]"
